Country Name,CO2 emissions (metric tons per capita),Access to electricity (% of population),Renewable energy consumption (% of total final energy consumption),Terrestrial protected areas (% of total land area),Population growth (annual %),"Population, total",Urban population growth (annual %)
Afghanistan,0.3291696103727964,72.6969374297486,15.728022695626668,0.103138023195208,2.9928854017786524,33263355.111111112,3.8850088879050526
Albania,1.7606342049760062,100.0,38.61997431967297,17.5607302081438,-0.2345199171816524,2888827.777777778,1.6136130259603267
Algeria,3.471263493872518,99.51485688832145,0.14860726516631673,7.496706685536413,1.980570687645883,38998184.55555555,2.905816109832152
Andorra,5.9283140894729325,100.0,19.409272350082784,24.881816521009267,-1.0270025305757813,79991.66666666667,-1.133777891972581
Angola,1.2742147783734659,37.12858123779297,51.701173118790074,6.97095113063056,3.4853529870719235,26999530.222222224,4.642578107776254
Antigua and Barbuda,5.796679668596097,99.12928064672886,0.0,18.8231157926992,1.1593180106426155,92397.0,0.19927594471784751
Arab World,4.719193404691472,88.01356682121865,4.36565656842008,5.650894822017123,2.150702343318313,387649780.3333333,2.72843252348664
Argentina,4.628152888753334,99.6416435623169,10.01622547097772,8.835500943879701,1.0498748316896933,42657477.333333336,1.1933905854560782
Armenia,1.789071721267448,99.95889244079589,9.037183256241951,23.1103352040144,0.24234385134955405,2911817.4444444445,0.17375700045475279
Aruba,15.819878517173226,99.16953651886928,6.42105932349243,12.78838417335193,0.4706712154439546,103736.88888888889,0.46796519770203143
Australia,16.767445336488038,100.0,8.693250186065123,18.503748204771465,1.5737871041468323,23478909.444444444,1.6970607800335846
Austria,7.488991868874848,100.0,33.25736887864252,28.41198777040334,0.6513446937793278,8581687.444444444,0.7689902671224971
Azerbaijan,3.7151824742697004,99.97999839782716,2.967543314186307,10.153417080558134,1.1717373535533666,9519844.222222222,1.6800772483356412
The Bahamas,5.883316848715913,100.0,1.2349742052016015,34.82243168501767,1.090035627029524,370604.6666666667,1.176041077775181
Bahrain,22.75735522390348,100.0,0.0,6.647831875100613,3.1212369234676722,1370134.7777777778,3.209698470124847
Bangladesh,0.441594391554743,67.34112688064576,38.37390157459287,4.607308541311173,1.11691050873235,154488400.66666666,3.444378734144508
Barbados,5.077426630639584,100.0,4.515210934606898,1.2967387956682266,0.21673171182819378,284659.22222222225,-0.10528415483686179
Belarus,6.7047631111100445,100.0,7.009751067468059,9.40566223507846,-0.0250150227616596,9482617.555555556,0.6185550800370878
Belgium,8.961275393012043,100.0,7.7722093067798115,23.265561956437335,0.6258434941543682,11201343.333333334,0.6710598325256849
Belize,1.557808527046006,93.55531934008312,34.739542903482324,37.6795770447918,2.186039445237488,353106.1111111111,2.3030009974614343
Benin,0.5740951849332632,38.21688814163208,50.80444819085172,29.3722474699802,2.77759936671131,10309893.111111112,3.948479729622407
Bermuda,7.893294812729875,100.0,2.1876621078750818,3.226612682304966,-0.28384726911586755,64695.77777777778,-0.28601519549904614
Bhutan,1.1246058961933751,89.82686147136175,88.25100981950932,48.00856736346086,1.1810133585543812,719358.3333333334,3.2293502273888524
Bolivia,1.7211369071376759,90.16282064910888,18.37883386485053,30.866994330195734,1.5388692468244423,10703961.333333334,2.1036998004951766
Bosnia and Herzegovina,6.202683368824258,99.96322256836275,25.16319352057867,1.4136677138088398,-1.298348977579964,3498601.3333333335,-0.5835386771600333
Botswana,2.481678553625336,56.387479095458986,29.471768799069082,29.142158280939537,1.5904522551920734,2103680.222222222,3.042771968153284
Brazil,2.369267802465744,99.54134408752441,44.029352975020345,29.259778449181137,0.8589374357443899,202694788.2222222,1.187840901248569
British Virgin Islands,6.172021380114684,99.36463737487794,1.0989075256049226,8.919209787777378,1.081058190120963,28942.777777777777,1.8626215459205189
Brunei Darussalam,22.297085463555142,100.0,0.0121768168953479,46.87141317377333,1.2330067329053178,409295.0,1.6740307243693566
Bulgaria,6.024409824886997,100.0,16.028288521357233,34.699053411476065,-0.6456026717384161,7216093.777777778,-0.18512936007689168
Burkina Faso,0.1526052869911768,19.259105420112625,77.33967717905439,14.97525370262207,2.9535382372084364,17624331.888888888,5.15603876959479
Burundi,0.03142707296395948,7.390621554851531,95.27617926459727,7.590981137252533,3.1750990796952387,9879445.777777778,5.707457762569765
Cabo Verde,1.0581146920795461,85.52314777374269,24.443665580903367,2.7968269259461267,1.2325835130863299,518212.77777777775,2.059811881240549
Cambodia,0.3776098955152098,59.5618023300171,67.80740460303191,26.028477399794667,1.5817711164636878,15275762.777777778,3.3595166599692003
Cameroon,0.30200116427377943,56.89528131484984,77.69161734977395,10.600364276651133,2.6923938421763203,22722137.777777776,3.815558235850914
Canada,15.234180344446798,100.0,22.181059495246533,9.687049290540555,1.0791298208305116,35443371.88888889,1.1686116312891972
Caribbean small states,9.067146449769023,95.70627422142906,9.038389053892407,13.765178680677366,0.6769101273723583,7170064.222222222,0.8463477879926811
Cayman Islands,9.381109842800765,100.0,0.0,10.748513223779133,1.6491942756767546,60681.88888888889,1.6491942756767546
Central African Republic,0.0647039036309724,20.06158492565155,77.85928265512429,18.063216146595067,0.8117333810058734,4494133.111111111,1.553134111396122
Central Europe and the Baltics,6.53809416525137,100.0,15.962784246119517,30.134319140183564,-0.24501425159418647,103471508.66666667,-0.1832890529499719
Chad,0.04823085913362184,8.210311543941504,90.01515982483862,20.352957202302132,3.242666599363574,13683224.777777778,3.7984240975338164
Chile,4.57436404282649,99.7685249954834,27.98540913243635,18.4629694949862,1.1509530709324391,17822771.666666668,1.2205809085810122
China,7.265581005711743,99.94369640350341,12.170669466237735,15.992694637178,0.5015554172469565,1364798888.8888888,2.8505834393585383
Colombia,1.7626962857880102,97.78340784149171,25.638986513019603,14.591303880805933,1.1542139257622845,47185659.222222224,1.6020448260871343
Comoros,0.21274473441450698,72.9657970428467,46.373278509854195,10.157622848489131,2.356663142526339,760028.5555555555,2.764520779095742
Dem. Rep. of the Congo,0.04341761519092664,15.552575635910038,95.21718743642214,13.4555069782662,3.303151950868573,73996281.55555555,4.620008820903133
Rep. Congo,0.5914325299442034,52.34238815307615,62.18237448320446,40.688691189192866,2.612851897961944,4747851.888888889,3.3182171203980357
Costa Rica,1.6402740030732403,99.395499,39.34800463683575,27.601796880783535,1.1183378769538943,4792501.222222222,2.419075626837429
Cote d'Ivoire,0.4173933863146024,61.14218521118165,73.08368502245914,22.883108989322135,2.4772877623466414,22711059.555555556,3.357865673642663
Croatia,4.327607895355841,100.0,30.999400678605284,38.2057534760026,-0.5713435678197153,4214396.555555556,-0.18218435768740548
Cuba,3.1996855216883504,98.77387332916258,16.984653815553767,16.552154976994732,0.10973795337885478,11294056.888888888,0.1867340946969667
Curacao,37.023785098907396,100.0,0.315809933223148,15.481587132482735,0.9437081451491189,155446.77777777778,0.8333891048658919
Cyprus,6.017211196021097,100.0,8.48486163604107,18.650293935743132,0.8863281891806105,1152084.3333333333,0.7401159804460092
Czech Republic,9.800183344739668,100.0,13.23069373383985,22.000450669320468,0.19170668375734207,10539269.555555556,0.26239911028445223
Denmark,7.003335647854053,100.0,27.22008461157222,17.921347462500734,0.5386564908527327,5660239.222222222,0.6939986871212082
Djibouti,0.6516154027943953,56.94209442138673,31.081638505350597,1.5730972830929197,1.6334254195190452,898902.1111111111,1.75306760185703
Dominica,1.8910642606713022,98.12432193756102,9.406797524269678,22.011216305558197,0.12072327413088073,71159.22222222222,0.5520657349520002
Dominican Republic,2.1624251883785583,98.5285665,17.21204944967525,25.16450125637807,1.1564058913729356,10163595.888888888,2.3919234251530708
Early-demographic dividend,2.226420628523402,82.86112234689217,26.007158340765187,12.7054683103865,1.409381276617112,3079699846.888889,2.3278160744184513
East Asia & Pacific,6.165303303776126,96.71237475495917,13.522211344114867,16.393341440492467,0.6718376421505181,2267633201.4444447,2.3437198190508557
East Asia & Pacific (IDA & IBRD countries),5.664477021187528,97.10521074896192,15.816934983214717,14.963140271786765,0.7196735429540551,1998695123.8888888,2.770188158389837
East Asia & Pacific (excluding high income),5.618068375778807,96.35272818713541,15.82955758030495,14.869948485344198,0.7169295330468941,2023786611.4444444,2.740630546193691
Ecuador,2.5579671916787783,98.25829925,12.877168582153585,21.134079289918464,1.6140630193968524,15995696.333333334,1.8473488231484632
Egypt,2.435395362901702,99.86292457580566,5.691038724035771,13.137370255425003,2.1463179732073567,90477536.22222222,2.059494670986005
El Salvador,1.0351166578047806,94.86180037036132,28.193111905527616,8.777524448225039,0.4648104579663528,6298188.555555556,1.6785379088871002
Equatorial Guinea,5.137813004541302,66.41214773995536,6.395295360257953,19.267839302429465,4.142544995961601,1123899.3333333333,5.411312107016565
Eritrea,0.17338107319281548,44.04831075668335,80.359785189737,4.8715939593562325,1.4850097462429002,3192203.5,3.170900791373275
Estonia,14.17659191091622,100.0,25.383355013007463,20.205649880494402,-0.11407467270109582,1320401.888888889,-0.007581289014321658
Eswatini,1.03423278075431,60.681146616969265,64.48653667719275,4.188672137524887,0.7978334910138115,1097443.2222222222,1.539648023790589
Ethiopia,0.09658621999124832,33.836758422851574,93.25208755113609,18.473306871100135,2.755628252751668,98227826.8888889,5.036376739707711
Euro area,6.980716797449974,100.0,14.590542803374731,25.8001230629668,0.21112839329173333,338510735.0,0.4958023897004958
Europe & Central Asia,7.344857654580484,99.98217276684963,11.852512548995717,11.6598373335905,0.4151198021594966,903266381.4444444,0.6698085435947294
Europe & Central Asia (IDA & IBRD countries),7.710311276494743,99.96418520149564,6.683756481020801,9.032534806983653,0.5121839560128447,450543590.7777778,0.7372794591486903
Europe & Central Asia (excluding high income),7.7200030613508535,99.96042130459034,6.07118174669147,8.554496582370577,0.5761808386144067,408314636.7777778,0.8283632998859015
European Union,6.89730851518719,100.0,14.812281964033053,25.908129075662103,0.21936260186994616,508281447.2222222,0.4997699101346343
Faroe Islands,12.80889575649808,100.0,5.241270182549491,2.3327288562213,0.15898834277601692,48042.666666666664,0.516733445896996
Fiji,1.317374530515096,92.88773441314697,33.096448903341084,5.40746458334726,0.3818445004949015,869151.6666666666,1.3276881968641732
Finland,9.707538223046232,100.0,38.432153357549886,14.995527735508867,0.3667814401114329,5451908.555555556,0.623883316899275
Fragile and conflict affected situations,0.8631582223499576,47.88441390583108,51.592346078185585,10.983184515129599,2.2967028167666985,472114746.2222222,3.199487212373606
France,5.043461572976588,100.0,12.576030648729102,25.871310669266666,0.38480230806512294,66183378.333333336,0.7109534647685267
French Polynesia,3.070083343149182,100.0,9.921316909934506,1.95546306516142,0.5086434753990045,271851.6666666667,0.8910676412628636
Gabon,2.898736897791808,90.08758869171143,81.12555773308917,21.675170706028535,3.3409051718482567,1877665.0,3.9038290825314985
The Gambia,0.23921064478084383,52.199142837524406,53.86054759262714,4.108241382414167,3.0019414845291776,2029233.5555555555,4.214196769133761
Georgia,2.1167723385751596,99.84688472747803,32.48560094200735,8.332398102982575,-0.24568961468414774,3735653.0,0.43457650543275095
Germany,9.176757358772642,100.0,12.2295368254728,37.727948677490936,0.13827402123871504,81525116.1111111,0.2162986769448897
Ghana,0.46535156066433137,72.58019720489503,45.46313640100282,15.058253198938331,2.31392155984037,27246180.222222224,3.5781409710722705
Gibraltar,14.251990050229299,100.0,0.0,30.505614545080334,0.05053291114327169,33686.555555555555,0.05053291114327169
Greece,6.898781199847699,100.0,14.265055657906018,35.13089390888413,-0.38612080337834187,10912008.444444444,0.06214144550330331
Greenland,10.58031264192002,100.0,12.991904404035978,41.1424015675448,-0.0589439754401379,56431.0,0.29608541844768516
Grenada,2.476333964461804,91.53375301361086,10.993298470272633,9.641672115497387,0.5796156161887079,108859.44444444444,0.7031230782657129
Guatemala,0.8796735452247916,87.97680504943847,64.62529779053347,23.94858605216953,2.0698760130269678,15929699.333333334,2.7311931334734645
Guinea,0.2390586062083754,29.731396818161002,76.69079609426466,33.99079599093026,2.442497979565309,11217872.111111112,3.3215417734467367
Guinea-Bissau,0.1574910126626364,16.404491567611686,87.41047420342277,16.661769036898,2.595023881523423,1694817.4444444445,3.5703890663471167
Guyana,2.4975620115340877,86.54989128112794,28.989857741280034,8.738324539219299,0.45544754559171113,763616.7777777778,0.3461834599886837
Haiti,0.23231424515298582,39.39356479644776,79.66508677707169,1.3899219871186002,1.4094209056997933,10543478.555555556,3.324094746694012
Heavily indebted poor countries (HIPC),0.24516901341320096,34.705502949591875,78.48512821730553,17.900334640943665,2.826719111119698,699948869.2222222,4.173436733275104
High income,11.153045469007319,99.97169063650091,10.492625898207011,14.856536607240132,0.5678372047203416,1184144729.1111112,0.8028965620801899
Honduras,1.0284969771529742,86.338507125,51.54135175730007,25.403701505207934,1.8038827398765425,8954798.666666666,3.0095112507062223
Hong Kong,6.144034634913231,100.0,0.8894340166251418,41.8891202456268,0.7370153978158526,7236100.0,0.7370153978158551
Hungary,4.567915080438593,100.0,15.51575429528775,22.598372106374928,-0.28506037459532785,9873940.444444444,0.1745150101377514
IBRD only,4.421337371388071,93.62534374397971,17.37181892107485,14.471945535341598,0.9615247134110425,4598620269.333333,2.1822287172170025
IDA & IBRD total,3.4835652022607597,83.13290410287206,22.834600702386883,14.726567366710633,1.2801952146112887,6101193382.444445,2.437864667132141
IDA blend,0.90324324309827,62.51622320421512,62.12278203065253,14.926284562180234,2.3433740407794637,508283032.7777778,3.5163192582738674
IDA only,0.3402633007719582,44.715309938967664,70.683094975483,15.6683840115005,2.230647224976972,994290080.3333334,3.691551340116461
IDA total,0.5321227408223974,50.733243311326966,66.4398137709159,15.481497859838369,2.2687035518867216,1502573113.1111112,3.623180641153685
Iceland,5.921190617042855,100.0,76.46721384183853,17.914354863193335,1.1608162595382272,330238.77777777775,1.1966149693936454
India,1.5554586361496,82.31992301940917,37.88784011626515,5.967679601142127,1.167290170769481,1294749017.4444444,2.352483593679867
Indonesia,2.113225858236088,96.46895321789205,37.775436644860655,12.067130909198132,1.276174043183808,254953893.66666666,2.5947699014835552
Iran,8.049451496017996,99.65735816955566,0.932709539671253,8.612755161379752,1.2761250170409721,77601720.44444445,2.020450450222901
Iraq,4.564321184897234,99.33827934265136,1.187927903347364,1.5356080786287267,3.1395791531707844,34232840.222222224,3.3775020451107367
Ireland,7.83072835803002,100.0,7.268047841009872,14.440841235667667,0.7532617783864161,4682168.222222222,1.0795365582820506
Israel,8.73400922326361,100.0,5.1530825867096866,19.944399384766538,1.902757982415527,8233144.444444444,1.9817866784467846
Italy,6.150030941488204,100.0,14.836462782492015,21.5293730725878,0.24838229315615873,60171749.222222224,0.6056751200480623
Jamaica,2.6830772559384637,95.52356185913087,15.548746673394035,15.914342355384667,0.5391835911949261,2873925.888888889,0.9699271521687076
Japan,9.484778432509536,100.0,5.107792058657417,26.045025755343,-0.1325006976061403,127300378.66666667,0.06659357565686373
Jordan,2.918662837932404,99.8067455291748,3.075031149364078,1.7570524281294333,4.084804074982959,8778804.111111112,4.849524291159532
Kazakhstan,15.02723766760128,99.88139512267296,1.3535593354173334,3.3013904412221335,1.4138076981138568,17294014.777777776,1.5447883599323535
Kenya,0.29648223627560516,43.57186641693115,76.19534159325703,12.362239748548268,2.536981052506321,46701857.55555555,4.24284976082963
Kiribati,0.5869283541097706,82.47064832627608,3.5109683922098838,22.363608993351733,1.5315905304191688,109418.33333333333,3.1934515948505418
North Korea,1.9387376362407096,36.41665601730346,19.53533300433315,2.4368943355220405,0.4987361980174798,25053490.888888888,0.8088994606419108
South Korea,11.638331234547818,100.0,1.9574985062474235,11.524083330083668,0.5124633513087071,50692029.55555555,0.46129436441900545
Kuwait,28.59710988872712,100.0,0.0,17.500451309093467,4.254868809031783,3634665.222222222,4.25486880903178
Kyrgyz Republic,1.5468894347440179,99.73227329254149,24.749364102226934,6.638461988751853,1.7750317916662433,5852800.0,2.106050521688575
Lao PDR,0.2634182941100744,81.7110159225391,63.59938716576732,16.6814704182764,1.5381147834198134,6647097.111111111,3.44833396090771
Late-demographic dividend,6.5757244871026,98.94523995818298,14.107579969426935,15.520474691405267,0.6008352386421273,2234948127.0,2.171891491594491
Latin America & Caribbean,3.02673493228831,96.96395357038764,27.650367752643664,23.34493045893956,1.0512954144290239,616287042.2222222,1.3817195844475978
Latin America & Caribbean (excluding high income),2.880802578361334,96.85717700194493,27.885089951684535,23.723464460523534,1.0664372501626305,584924952.7777778,1.413981250573148
Latin America & the Caribbean (IDA & IBRD countries),2.9924523672380956,96.90577796962593,27.963600998353034,23.381013005942865,1.0862740509739983,600264805.8888888,1.4265611459118699
Latvia,3.5757776241063914,100.0,37.81677729991873,18.1708807939244,-1.1762082840715122,2000429.5555555555,-1.1225949966380695
Least developed countries: UN classification,0.29145706064566895,40.59651773152815,74.6939029249092,15.006899501281731,2.3759827202418267,920850120.7777778,4.0690269931018115
Lebanon,3.944999742726938,99.94704120998412,4.654221757346732,2.5948724159837133,3.919619036772826,6086185.111111111,4.097369978422709
Lesotho,1.181379774748212,27.297058916091924,52.47065553362,0.2609257874951947,0.640019795544357,2046653.3333333333,2.2785088583881343
Liberia,0.2226796353569218,11.694206488132483,86.08759698213929,3.5308739503155864,2.7744922051086265,4359168.888888889,3.6101716834732605
Libya,8.519043937933478,75.63997554779053,1.8583664711636134,0.21123191205265401,0.9450998477892202,6398113.111111111,1.263810973689602
Liechtenstein,1.3431586736430863,100.0,61.37405560735402,22.120069454367798,0.6589802674919477,37099.666666666664,0.5209777879959306
Lithuania,4.436634929190836,100.0,25.187875446438934,16.9954006502244,-1.395779873269382,2932700.3333333335,-1.2575083008713916
Low & middle income,3.4358931680055362,82.79222424348683,22.935622665773337,14.601184750637467,1.28604540725843,6072797485.111111,2.455981191971654
Low income,0.3311885945142544,33.69968307180437,75.69653977360498,15.540788979539267,2.549769270579432,639103936.0,3.8140106058030288
Lower middle income,1.43290632724112,78.92497751288883,40.69907949657675,13.614229641419534,1.4877984945739944,2855957078.4444447,2.665389111392482
Luxembourg,19.73655320170314,100.0,5.529763488361837,38.00516091903334,2.217368603964422,556845.2222222222,2.5650729056711303
Madagascar,0.11748907589479833,18.44351477622986,75.35280779323051,5.476370876406847,2.7149584869900902,23639418.222222224,4.630700377329579
Malawi,0.07689735814930838,9.8875,80.49684619933635,20.880698473518468,2.7792506486969186,16310078.333333334,3.815380130555955
Malaysia,7.823573682824838,99.81068096160888,4.4646052892600805,19.12621103962567,1.424422210318659,29872439.888888888,2.331542591021571
Maldives,2.728813539614212,99.76793251037596,1.0497127016075485,1.1327304513667067,4.199139377991858,437400.0,5.309899248469717
Mali,0.06788446917111265,32.6646586894989,64.87184689536234,8.231073370048408,2.986342852851091,16991313.111111112,5.042609074426557
Malta,5.91091544293443,100.0,2.979089706366595,28.087583888414866,1.7659212654868335,440363.0,1.8378850201600265
Marshall Islands,1.8094365656932196,91.69883127267863,12.105481232451567,11.9638057381702,0.41924918574515924,57264.0,1.0022286500857829
Mauritania,0.6821066237683874,38.41825923919677,32.91651121283463,0.621325475887526,2.894706154673895,3938168.3333333335,4.684698165335119
Mauritius,3.2016780453362643,98.35317974090577,11.83650190998012,4.7335925418082665,0.15807762214729562,1259363.0,-0.07720571938959418
Mexico,4.121157204621197,99.34370205096434,9.266052220111403,14.423688400974868,1.2795865170012555,120267180.66666667,1.651128409684529
Micronesia,1.2644117371750538,72.78200571247083,1.309050741438495,1.459441893624463,0.9967850231954173,107494.22222222222,1.1932402967073559
Middle East & North Africa,6.005806019693394,96.82318640299582,1.7108116528665283,6.674254733497661,1.9323091089904034,417703804.1111111,2.490297162198539
Middle East & North Africa (IDA & IBRD countries),3.9563206860667535,96.25248539729182,2.6054460172356317,7.170554089765989,1.764877890477159,353518703.4444444,2.3132050229264554
Middle East & North Africa (excluding high income),3.917307927872534,96.29511300412975,2.6444169905081334,7.171098048522957,1.7722900944864033,357692072.6666667,2.319458703373778
Middle income,3.7899962972510357,88.51286476007766,20.839573069488214,14.444086941746733,1.1394912990338568,5433693549.111111,2.358445410076326
Moldova,1.3949693583699119,100.0,11.532727428728963,4.150356365700993,-0.06162502551770821,3555294.888888889,-0.06736292511167502
Mongolia,8.532434792624136,80.66690159859132,3.4532815373151755,17.609255043651867,1.892200170122271,2941738.0,2.1991617756826645
Montenegro,3.8503471672422784,99.9625,46.03591983894652,5.620474019111719,0.07256143177792024,621367.2222222222,0.5838759943413042
Morocco,1.776021418772848,95.83057708740236,12.208472325797535,30.7884007402664,1.3423398605278456,34186167.55555555,2.2697229771594833
Mozambique,0.170568265835045,22.881336355209363,89.69290360219573,21.59215216194146,2.8149721456996812,26382834.444444444,4.355786218983744
Myanmar,0.2809666596349366,56.46930509806506,74.65670869407762,6.637000680064646,0.7394607819151343,52217257.44444445,1.4460228668516946
Namibia,1.4295472541453562,47.692051315307594,27.538634016106567,37.8906206835408,1.8056203891431188,2277900.222222222,4.126395569518754
Nepal,0.23076861971528836,80.25410358428955,85.80452401621672,23.627361322216398,0.4869314302452899,27206722.222222224,2.523539811770034
Netherlands,10.36911383101594,100.0,5.01770711350935,11.272489634007465,0.4612298858073048,16896157.777777776,1.1116645878569757
New Caledonia,14.92868341684916,100.0,5.202303760515167,54.40610508547607,1.6006357801292586,267573.3333333333,2.2577236909420058
New Zealand,7.491352829238396,100.0,30.84056831467755,32.546837237230264,1.4116904807534787,4562544.444444444,1.4525947185086479
Nicaragua,0.7840430860201806,81.77532194543457,51.49966771105765,37.22724528428347,1.3117877159756643,6143599.888888889,1.6591022292283544
Niger,0.09381959782152753,16.132245755195626,77.75657633373274,17.318061679272265,3.8693365260280084,19328256.666666668,4.005462894571544
Nigeria,0.5742660937061485,54.31296815872193,86.6837351775913,13.929722406874399,2.649055990744412,176728166.0,4.508021866214139
North America,16.562618401994563,100.0,9.91477688999205,11.321980894499069,0.7543468469571258,353880626.5555556,0.9675311446684614
North Macedonia,4.0812203820815185,99.96577047547922,20.979348539778766,9.65271010528418,0.07449722864274197,2077375.0,0.23786534169803009
Norway,10.416053183927202,100.0,57.32068137130546,17.060995249654535,1.0647267754333292,5121355.333333333,1.53845818305447
OECD members,9.842952372499102,99.93488151516715,11.241956768167766,14.895944923280334,0.6076248852851714,1272446217.8888888,0.8636809978419302
Oman,16.122749070713198,100.0,0.0,2.5718221209005327,5.758603463034931,3980513.4444444445,7.144724616301677
Other small states,6.991101133839919,70.84872827310137,28.188439792370048,29.343877148042665,2.1419582321073842,28387196.111111112,3.1994379316590114
Pacific island small states,1.047897208610164,75.4757578421704,32.25948728068677,4.304541460604163,1.3070999168685056,2329966.0,1.96812272122478
Pakistan,0.8733035054051872,70.84449756622314,46.64300384044967,12.313056851991732,2.1090566732144436,195531379.55555555,2.69165313531225
Palau,14.409096695764978,99.12882793314257,0.0,27.980127351396067,-0.23210393051913694,17741.88888888889,0.6078652206833678
Panama,2.5946071850914803,92.95880165100098,20.169270155978616,20.891293322241197,1.7157708647846477,3905083.888888889,2.1949562010569674
Papua New Guinea,0.7239123878781561,38.05000166893004,54.08288441789295,3.067286602926307,2.067943244612992,7952522.111111111,2.1798855899816085
Paraguay,0.8355021702102083,98.568896,62.98915100183488,11.7131573866886,1.343260316808732,6600340.111111111,1.831585100694809
Peru,1.903616314946552,92.30007304162598,27.680320060323982,21.299448525728266,1.1697752947809255,30277049.444444444,1.4099580675861536
Philippines,0.9559222084346658,88.93925300598147,28.962697670681965,15.317772880609667,1.592114158919411,100415164.44444445,1.9620449772682216
Poland,7.996963370818987,100.0,10.955971638679356,39.64009301825907,-0.050514457674699316,38014557.44444445,-0.22416661394392065
Portugal,4.423043266636819,100.0,28.058480527033463,22.920786718792332,-0.30535881415795507,10418827.888888888,0.6266828876718913
Post-demographic dividend,10.68616041679708,99.98635674532838,10.912716453917918,14.757887923929934,0.40988420912661644,1092150319.3333333,0.6463775220593626
Pre-demographic dividend,0.5186190517915821,39.26689665177325,75.11145382659318,15.497607076685298,2.8942121355047643,823432968.5555556,4.34833697652111
Qatar,40.3349028471156,100.0,0.0,9.636156954527268,5.769813181619806,2401169.888888889,5.8597239193349955
Romania,3.8551552013874244,100.0,22.979884791246196,24.424578333398667,-0.498476653474759,19880482.888888888,-0.4365736409621507
Russian Federation,12.21305848038008,100.0,3.399290743172095,9.724609876393245,0.13094661468625554,143750291.7777778,0.24965631376920477
Rwanda,0.06863967531051995,19.908749999999998,88.73275986046399,9.116059382092594,2.5459357466926376,11122032.222222222,2.7288427048114365
Samoa,1.0394482499810598,97.7534683446988,40.93482020311347,7.156390001107039,0.6758307134600565,191663.77777777778,-0.5113120637300096
Sao Tome and Principe,0.576263444014093,64.99365711212158,42.06428118377508,29.24060655456007,2.024573609099909,195765.44444444444,3.487333793811131
Saudi Arabia,18.68194103530428,100.0,0.006318549876778111,4.616751427169381,2.6160720750080357,30752575.333333332,2.881205105893735
Senegal,0.6158543237952625,59.27218236923218,46.49137025451492,25.305182866078336,2.7888553501300084,14212980.777777778,3.7300793863155324
Serbia,6.154897583293526,99.92239949124743,20.430503987764332,6.458738226830967,-0.5263680916784357,7130663.0,-0.2617647505900265
Seychelles,4.745848053555006,98.97996902465822,1.0265452649658482,42.096030631488865,1.1436311350083272,91947.0,1.8980721093511077
Sierra Leone,0.15275031338459258,16.981257437797563,78.14840717391364,9.387546417650173,2.2057052676966253,7023546.222222222,3.1968542795490813
Singapore,9.429855702225694,100.0,0.5543103248302893,5.5763732189850534,1.3633318608673397,5426106.333333333,1.3633318608673421
Sint Maarten (Dutch part),19.702778648504268,100.0,0.0482908179463764,0.000372593988169995,1.9084565976020416,37382.77777777778,1.9084565976020391
Slovak Republic,6.190152727961138,100.0,11.24003151882365,37.51360889156479,0.1243182854989741,5418919.444444444,-0.12800088408156685
Slovenia,7.02104225567376,100.0,20.496554637556798,53.628640294059004,0.14989661877565388,2060316.7777777778,0.5878510246003741
Small states,7.028207590376357,75.89129512574624,24.952383893290556,26.076337241352363,1.80891881719977,37887226.333333336,2.73903669303046
Solomon Islands,0.358691143846014,48.02964029312134,63.40455429978524,2.21017741544536,2.6315705834916234,588367.8888888889,4.771223131966274
Somalia,0.04791014453200136,26.795030593872074,94.00992962608137,0.83,2.749931299744009,13467007.111111112,4.725683951256768
South Africa,8.968758663523237,84.80000000000001,16.754496658418613,10.042109947105233,1.5013127561074375,54517829.11111111,2.311822669942997
South Asia,1.325960435210368,79.58213435926825,40.05732392543745,7.2921273831249,1.2976612982713358,1727255123.0,2.54241701699176
South Asia (IDA & IBRD),1.32596043521037,79.58213435926825,40.05732392543745,7.2921273831249,1.2976612982713358,1727255123.0,2.54241701699176
South Sudan,0.13774826641612667,13.642140269279459,32.200623464611276,15.501000834383,2.0310696893108355,10421941.888888888,3.1718890698820292
Spain,5.476719293446898,100.0,15.911410294841602,28.050422432748064,0.0861335188264481,46604329.11111111,0.3820621823396461
Sri Lanka,0.7638643367606526,91.45521518707277,58.68606071607234,29.861332598608133,0.822668129309554,20859489.666666668,0.964290402402244
St. Kitts and Nevis,4.513100795645613,99.94804000854492,1.3499815877304087,3.3177564781045334,0.8453974840363673,50752.11111111111,0.5997142558630092
St. Lucia,2.303196703210208,96.40819405077222,2.168680812206253,18.763473060937734,0.6068675014509003,178230.88888888888,0.2929465624915804
St. Vincent and the Grenadines,2.007662845132658,97.19899654388428,5.806807688424389,22.426414815470867,0.19558363151062563,109014.77777777778,0.9961373112572112
Sub-Saharan Africa,0.8449354953120913,38.984596704567466,70.54591306857914,17.5787182406258,2.7371875412383115,970916035.4444444,4.166849467618819
Sub-Saharan Africa (IDA & IBRD countries),0.844935495312091,38.984596704567466,70.54591306857914,17.5787182406258,2.7371875412383115,970916035.4444444,4.166849467618819
Sub-Saharan Africa (excluding high income),0.8445578512450101,38.97885162738903,70.56300408519884,17.578189430884198,2.737341623790334,970824088.4444444,4.16716793084915
Sudan,0.3171028907397664,44.60166053771974,61.76211578564729,2.281175455819353,2.366133011636067,38056000.11111111,2.9080375939551946
Suriname,3.899081721072212,94.04041843342205,24.8837482328053,14.5200925244246,1.0699817437145809,552959.6666666666,1.0109588394480467
Sweden,5.022841792708987,100.0,49.02996530620786,14.744684976256133,1.0098015395228224,9734038.444444444,1.3359383899317911
Switzerland,4.732688093007428,100.0,22.946425019076504,9.660122840796708,1.0568220104355406,8181808.888888889,1.089391486892697
Syrian Arab Republic,2.25446313295738,90.73737087249759,1.9277060880299066,0.6868685421260028,-2.517698262543319,18957067.555555556,-2.7360700068817403
Tajikistan,0.4152960219599263,99.28169994354246,54.205184136709995,22.279107392115066,2.3517874995796486,8279005.888888889,2.60694154257682
Tanzania,0.20045505745985456,22.048400163650513,87.36598428631292,38.137050848350135,2.978940733902052,50114456.55555555,5.287664587299762
Thailand,4.342824612563026,99.72481642322953,23.10043761019092,18.809448060050798,0.41771808436417224,68384091.33333333,2.20090868182256
Timor-Leste,0.2951005326275234,61.49856921853045,25.183516994283067,13.054977655662867,1.8418988508987535,1177124.111111111,3.0656451165937235
Togo,0.3802725458824276,42.124495247096405,70.59090263543574,27.62082847041,2.5862916060275207,7144980.666666667,3.898125272996554
Tonga,1.0939642776020633,94.76211015989307,1.4071460615825417,15.915193497282198,-0.07436515805503936,102243.33333333333,-0.17228306187424
Trinidad and Tobago,34.66765891705806,100.0,0.31538579861281335,30.59520675020647,0.5651727741501927,1360778.4444444445,0.35224449300227767
Tunisia,2.528935219145094,99.75,12.974177711724451,7.9131181645720465,1.0464624368916355,11080313.333333334,1.46839024325219
Turkey,4.332078572752875,99.99464225769043,13.128076059859183,0.21899243547871197,1.593492557021129,77261898.55555555,2.343056699368139
Turkmenistan,12.12047090231694,99.99028396606445,0.050226711852451485,3.24884149817458,1.7285490491387199,5466459.666666667,2.490859174795369
Turks and Caicos Islands,5.77434666267546,99.1375,0.5762574497191216,44.37495033114353,1.83400009289054,35280.333333333336,2.2384094062678086
Tuvalu,0.8853058402915552,98.47198315359935,0.0,2.097960770615227,1.0992400651861933,10992.555555555555,2.7480293872416643
Uganda,0.1288293762925842,18.041549825668337,90.66563452734607,16.06263308595747,3.417549601434269,37203356.777777776,5.979719235491231
Ukraine,6.078460742870712,99.98343639575971,3.26861059450985,3.9778354287581466,-0.35067607429545156,45282663.55555555,-0.2136536263862315
United Arab Emirates,19.618779883176703,100.0,0.11928286641602466,16.3266137589746,2.1769274766943556,9199165.333333334,2.53979392493123
United Kingdom,7.187263447563429,100.0,5.818996913498303,28.535624851985332,0.7272881192033439,64637693.88888889,1.0472052605646982
United States,16.71132082532164,100.0,8.389263417258613,12.985914681651535,0.7152089457562315,318372558.8888889,0.9403561385230943
Upper middle income,6.365031735618727,99.05730490619592,13.208299996724131,14.7328001165559,0.7570976424195726,2577736470.6666665,2.1499340260437076
Uruguay,2.2003306526307083,99.6069707354126,52.12427030707795,3.4641346153327266,0.3256377472242236,3402126.888888889,0.45753739836458757
Uzbekistan,3.649949634464498,99.8748722076416,2.668695588368053,3.3768091435149934,1.9032495719386442,30796444.444444444,1.9045705848582979
Vanuatu,0.5019932216878871,44.876320781707776,37.690720628088336,4.200354578436007,2.665857958680622,264059.55555555556,3.1088923479531614
Venezuela,6.375674762150604,99.44254444122315,12.797182452142266,54.14278295718014,0.32775984881835196,29412008.333333332,0.3467968362180975
Vietnam,1.6721538589340799,99.52994861602784,36.47713623865873,7.577853250007661,1.0286801963268242,91729178.1111111,3.117946629202073
West Bank and Gaza,0.5668543312035718,99.92765712738036,12.389767934434966,8.3592518432039,2.3770127663340244,4173369.222222222,2.7088422193081714
World,4.958745476306386,85.56344753190969,17.5940325779017,14.673617226980367,1.1681046563032789,7256942214.222222,2.0433946644498713
Yemen,0.8987474610966277,71.7427251815796,1.2697059286839942,0.7712959868187886,2.6179046525367418,25822869.111111112,4.406452416401194
Zambia,0.2436555621977568,29.782196617126463,89.3553222092578,37.9300069672156,3.0259383215240927,15429881.444444444,4.284298052035974
Zimbabwe,0.7415299469843524,38.21267967224121,80.48027728557723,27.213056783942534,1.5783373915062036,13573887.666666666,1.1822145113718838
